rating,reviewer_id,date,review_title,review_body,category,score_gemini,score_groq,rating_sentiment,gemini_sentiment,groq_sentiment,final_sentiment,final_score
1,danielle,2025-09-27,great product,great value great product definitely recommend would buy,food,1,0,positive,positive,negative,positive,1.0
1,antonio,2025-09-04,healthy food,healthy way cook,food,0,1,positive,negative,positive,positive,1.0
1,rebecca,2025-10-17,oil fine package thin plastic,vegetable oil not worth spend name brand cost say manage make package thin practically need put cardboard box like restaurants thin not real careful not squeeze air screw lid get tight like vacuum bottle super hard unscrew lid,food,1,0,positive,positive,negative,positive,1.0
0,chiann,2025-06-07,never get order,never get im not happy,food,0,0,negative,negative,negative,negative,0.0
0,dominique,2025-08-26,,bottle open,food,0,0,negative,negative,negative,negative,0.0
0,anonymous,2025-01-06,not happy,didnt get order pic get,food,0,0,negative,negative,negative,negative,0.0
0,jonaisha,2023-07-03,use better judgment price item,substitute vegetable oil 3 48oz bottle extremely bad judgment 2 would perfect price 1 substitution not good call one,food,1,1,negative,positive,positive,positive,1.0
1,ardawd123,2025-10-28,great value vegetable oil,ive use great value oil many years im 48 still ive hear bad body possibly undoubtedly isnt bad body would still recommend still use tell otherwise not doesnt give food bad taste work like suppose,food,1,1,positive,positive,positive,positive,1.0
1,trista,2025-11-02,,great value good deal great value good buy like use product im not spend extra money usually equal im buy like use product im not spend extra money usually equal get,food,1,1,positive,positive,positive,positive,1.0
1,michelle,2025-10-24,vegetable oil,love vegetable oil good price fry chicken fish kind vegetable oil good price money buy years no complaints 10 10 get chicken crispy buy chicken restaurant,food,1,1,positive,positive,positive,positive,1.0
1,carol,2025-11-14,,work well use many years use everything recipe require oil also use grease cake pan last week kitchen window stuckalthough not make label use oil track window would slide,food,1,1,positive,positive,positive,positive,1.0
1,connie,2025-11-21,,love cook go grocery shop recently break foot family shop mei temporarily work alsoi independent dont like put people way work decide try impress already recommend others,food,0,1,positive,negative,positive,positive,1.0
1,joan,2025-12-10,,always buy gv vegetable oil tight budget price important still want quality cant tell diff expensive brand sometimes need get small bottle dollar general buy expensive great product,food,0,1,positive,negative,positive,positive,1.0
1,abigail,2025-11-16,,great value vegetable oil 48 fl oz kitchen essential light versatile perfect fry bake saute large 48 fl oz bottle provide great value last long time reliable quality affordable pricehighly recommend,food,1,1,positive,positive,positive,positive,1.0
1,michaela,2025-11-18,pretty good not always interchangeable,vegetable oil pretty good personally prefer olive oil bake several recipes require vegetable oil ive try olive oil difference way two oil behave recipes not always interchangeable,food,1,1,positive,positive,positive,positive,1.0
0,nana,2026-01-29,,havent get order yet originally yesterday afternoon get notice delay okay fine roads still not good place notice another delay another delay put 6pm would dark temperatures drop reschedule today 1012 morning prepare order order delay past 230pm werent go deliver not say start items order specifically storm come really need order far know everything order least last night,food,1,1,negative,positive,positive,positive,1.0
1,lisa,2026-01-31,easy affordable cook oil,like brand like price like use oil daily cook like oil doesnt mess flavor food like easy open close cap plastic bottle every thing make life easier,food,1,1,positive,positive,positive,positive,1.0
0,dee,2025-12-06,make sure agents really explain everything,order large gallonsized jug stock settle bottle bottle like cost gallon judgment get one even though charge two plus call customer service agent give 5 coupon promo good online order anything certain amount whos go cost 5 ship pick not worth trouble go try use coupon promo no good two days later,food,0,1,negative,negative,positive,negative,0.0
1,sara,2025-11-29,,good expensive name brand 26 oil use would great though could nodrip spout normally need small bite oil time 26 end wipe top paper towel use,food,0,1,positive,negative,positive,positive,1.0
1,tanya,2025-11-29,value,oil unless use olive coconut even lard not much difference vegetable oil except price oil get outrageous walmart best price oil pretty much everything must add use shop kroger walmart beat store price keep quality,food,0,1,positive,negative,positive,positive,1.0
1,dezireno,2025-12-04,,time good chicken wing bad spoil something else almost meat spoil scar order chicken wing 444 pack restaurant wing 444 usually favorite meat spoil order include burgers white castle burgers,food,1,0,positive,positive,negative,positive,1.0
1,shannon,2026-01-15,mean,basic cook oil work anything require high smoke point oil cook taste doesnt change flavor foods also use grease pan nonstick surface best use light color pan go oven,food,1,1,positive,positive,positive,positive,1.0
1,debbi,2026-01-03,cabinet staple,home chef 7 family members cook lot food no solid reason use brandname vegetable oil great value brand vegetable oil perfectly fine mild flavor use fry type foods make salad dressings bake call oil etc im please great value vegetable oil make switch,food,0,1,positive,negative,positive,positive,1.0
1,dena,2026-02-04,vegetable oil less,vegetable oil great quality texture consistency taste like brand name excellent option us try cut back ridiculous brandname highpriced products walmart better brand opinion use vegetable oil bake brownies cookies specialty vegetable dish come amazingly good dont bother pay get great quality less,food,0,1,positive,negative,positive,positive,1.0
1,earl,2026-02-06,,oil performance level higher end brand yet affordable price point everyday pantry item stock use light enough even make italian dress versus olive oil cost pinch pennies want oil go ways,food,0,0,positive,negative,negative,negative,0.0
1,david,2026-01-09,not oil create equal,vegetable oil solid everyday staple neutral flavor work well cook bake fry without affect taste food heat evenly perform reliably whether saute deep fry use recipes bottle size convenient last pour easy control without make mess price quality consistent dependable want straightforward affordable cook oil exactly one great value,food,1,1,positive,positive,positive,positive,1.0
0,danette,2026-02-11,,hate store since jan 27th 2026i cancel reotder ridiculously 3 4xs bcz competent employees customer service stire 233262 stire never evercanswers phone mean not single dept end call ure 80023 10xs order bcz answer phone im oxygen cumbersome go store carry items let alone 2 case water u dont hire staff help answer phone u go lose customers ive decide shop elsewhere ure price keep go price higher grocery store u r actially price gouge customers im goingvto report company im people,food,0,0,negative,negative,negative,negative,0.0
1,melody,2026-03-01,,understand hoopla certain type unhealthy cook oil commit healthier lifestyle yeah right stand aisle read every vegetable oil label honestly great value vegetable oil nearly brand 100 veg oil healthiest kind healthiest affordable im,food,1,1,positive,positive,positive,positive,1.0
1,ryan,2025-10-03,great value vegetable oil 48 fl oz,giant jug great value vegetable oil crucial component college experience specifically deepfrying freeze chicken nuggets attempt make actual food first time 48 fl oz size ensure wont panicbuy oil least month two give priorities minor miracle thank walmart provide necessary fuel inevitable culinary disasters,food,1,1,positive,positive,positive,positive,1.0
1,sherene,2025-09-23,,love affordable product easy use cook package durable safe taste ok wont burn first use reuse least 2 time always continue use buy cook family thank great value families appreciate,food,1,1,positive,positive,positive,positive,1.0
0,chris,2025-09-24,,vegetable oil run mill vegetable oil affordable im walmart cancel delivery order without warn without attempt reschedule cancel mine recently mean hold money 10 business days thats right cancel order hold money ive call bank cant anything walmart control transaction not no groceries 200 additional amount charge time hold unavailable ten business days youre better use amazon doordash dont bother especially live norfolk va use tidewater drive store particularly bad,food,0,0,negative,negative,negative,negative,0.0
1,arnetta,2025-10-13,great quality value goto cook oil,ive buy great value vegetable oil years never disappoint perfect everyday cookingwhether im fry bake saute oil neutral flavor doesnt overpower food heat evenly 48 fl oz size great deal price last good kitchen bottle easy pour store overall affordable reliable staple home cook,food,1,1,positive,positive,positive,positive,1.0
0,laiila,2024-01-18,,im 1000 sure suppose sort safety self vegetable oil ill definitely discard waste money,food,0,0,negative,negative,negative,negative,0.0
0,tranquilus,2025-10-18,great value vegetable oil review,oil contribute rectal bleed may cause type bleed consume small amount two spoon daily basis,food,0,0,negative,negative,negative,negative,0.0
1,wanda,2025-10-30,,use deep fry actually better pan fry right seal whatever youre fry buttermilk flour doesnt soak near much oil try,food,0,1,positive,negative,positive,positive,1.0
1,anita,2025-11-05,,like vegetable oil best unless make italian food use olive oil use great value brand always think better brand 26 think try,food,1,1,positive,positive,positive,positive,1.0
1,dawn,2025-11-18,great value vegetable oil,vegetable oil work great namebrand products cheaper heat well doesnt smoke high heat not leave oily taste foods would recommend vegetable oil,food,1,1,positive,positive,positive,positive,1.0
1,moneq,2026-02-16,great value great choice,theres no difference national brand versus store brand price use cook bake need ive never issue product,food,1,1,positive,positive,positive,positive,1.0
1,shari,2025-12-12,,im always careful order store brand verse name brand bake lot need products good name brand product great value vegetable oil stand brand vegetable oil use highly recommend,food,1,1,positive,positive,positive,positive,1.0
1,gil,2025-12-15,,ive use oil great value brand exactly higher price brand no doubt everyone buy brand try sure not disappoint trust,food,1,1,positive,positive,positive,positive,1.0
1,brenda,2025-11-06,,need print receipt online purchase love associate deliver purchase directly door older woman disability husband not help,food,0,1,positive,negative,positive,positive,1.0
1,mary,2025-10-19,love walmart,no dislike convenient n price reasonable compare big store recommend walmart shoppers look good deal n delivery respectful n prompt 5 star,food,1,1,positive,positive,positive,positive,1.0
1,amanda,2025-10-22,please delivery easy order,really appreciate delivery options make grocery shop breeze delivery person bring apartment 3rd floor deserve best tip,food,1,1,positive,positive,positive,positive,1.0
1,stephen,2025-11-02,,one things buy price use olive oil things still like vegetable oil fry fry chicken dont use much buy bargain,food,0,1,positive,negative,positive,positive,1.0
1,ennestine,2025-10-23,vegetable oil great product,walmart great store great vegetable oil great product vegetable oil cook crispy drip good use,food,1,1,positive,positive,positive,positive,1.0
0,jeannette,2025-11-12,oil act really weird almost cause fire,dont know deal last batch oil buy nightmare cook foam almost cause fire stave absolute nightmare not buy vegetable oil,food,1,0,negative,positive,negative,negative,0.0
0,michelle,2025-11-18,,order afternoon say would no later 10pm day follow day noon still havent receive review something never get,food,0,0,negative,negative,negative,negative,0.0
0,ulrike,2025-12-10,short not sweet,get pay thing say items not leave delivery person item purchase personally,food,0,0,negative,negative,negative,negative,0.0
1,marv,2025-12-12,,buy vegetable oil terrible cook super unhealthy invent farm machine lubricate also earwigs attract things make decent trap vegetable oil,food,0,0,positive,negative,negative,negative,0.0
1,bliss,2026-02-04,,oil look feel perform exactly expect would use sweet bread cookies cornbread cake turn great im go continue use go ahead try,food,1,1,positive,positive,positive,positive,1.0
1,mark,2026-02-24,drip catch rim top,find product useful many cook need small critique pore would nice drip rim add,food,0,1,positive,negative,positive,positive,1.0
1,shannon,2026-02-28,cook oil,not something use daily basis dont use daily really last couple months one hundred percent recommend use,food,1,1,positive,positive,positive,positive,1.0
1,mary,2025-12-28,,sound not go place walmart shop love quality staff great place able find everything need go store store thank walmart,food,1,1,positive,positive,positive,positive,1.0
1,julie,2025-12-28,good basic oil,low bad stuff not suppose use make french fry hash brown fine container sturdy pretty easy pour little thats ya need,food,1,1,positive,positive,positive,positive,1.0
1,tanya,2026-01-01,,great value vegetable oil great use cook bake need things pricey lately nice cost effective options quality brand,food,1,1,positive,positive,positive,positive,1.0
0,helen,2026-01-12,unorded item,not order item oil try look order review cannot bring return item not use item use crisco will wait next order get credit,food,0,0,negative,negative,negative,negative,0.0
1,patrick,2026-01-05,,handicap unable drive walmart groceries need walmart one place would shop personal need life thank walmart everyone employees,food,1,1,positive,positive,positive,positive,1.0
1,lmme,2026-01-14,cook oil,cook oil comparable name brand oil price little cheaper isnt light crisco oil since shoestring budget choose save wherever,food,1,1,positive,positive,positive,positive,1.0
1,lori,2025-10-21,great oil great price,use great value vegetable oil bake fry see no difference quality taste expensive name brand think price make best option vegetable oil,food,1,1,positive,positive,positive,positive,1.0
1,ruby,2026-02-09,great value vegetable oil,great value cook oil great fry bake light taste serve purpose expensive brand lower price,food,1,1,positive,positive,positive,positive,1.0
1,dana,2026-02-09,good product,great value basic bake pantry staple good quality affordable great way keep items need bake cook meals always hand quality consistent make loyal purchaser,food,1,1,positive,positive,positive,positive,1.0
1,anonymous,2026-01-18,vegetable cook oil,vegetable cook oil not much else say work advertise light cook oil opinion doesnt give food flavor kinda thing like,food,1,1,positive,positive,positive,positive,1.0
1,jennifer,2026-02-05,good stuff,good quality oil size work use quite bite oil bake oil great hand please highly recommend,food,0,1,positive,negative,positive,positive,1.0
1,shellabzy,2026-02-05,good affordable cook oil,use buy another cornnoul brand keep raise price give walmarts great value oil try never look back great cook oil fraction usual price,food,1,1,positive,positive,positive,positive,1.0
1,,2026-02-06,,oil super light doesnt leave taste good use fry make salad dressings thing use vegetable oil great price,food,1,1,positive,positive,positive,positive,1.0
1,anonymous,2026-01-24,good many recipes recommend,use vegetable oil fry meat also cook good tasty cake highly suggest product since cheap really valuable good quality,food,1,1,positive,positive,positive,positive,1.0
1,susan,2026-01-27,good oil price better crisco,use oil make doughnuts turn great no residual oil taste awesome would recommend oil think better crisco,food,1,1,positive,positive,positive,positive,1.0
1,lisa,2026-02-11,,buy brand vegetable oil many years great value price always taste fresh no reason spend oil great expensive brand,food,1,1,positive,positive,positive,positive,1.0
1,mary,2026-03-03,,refresh know still find pantry staple walmart pice still affordable available change go food days good job walmart,food,1,1,positive,positive,positive,positive,1.0
1,barbara,2025-10-31,good cook oil,great value cook oil delicious recipes require deep fry doesnt affect taste food wonderful fry chicken pork chop sea food price value good,food,1,1,positive,positive,positive,positive,1.0
1,william,2026-03-04,decent oil cheap price,probably not health food decent enough cook need large volume oil deep fry definitely trick decent basic oil cheap price,food,1,1,positive,positive,positive,positive,1.0
1,luciana,2025-07-31,versatile every day use,youre look highly affordable neutralflavored cook oil everyday fry bake great value vegetable oil 48 fl oz solid pick perform reliably offer excellent bang buck however youre seek healthieror flavorsensitiveoption consider swap avocado olive oil cold use canolasunflower lighter nutritional profile,food,1,1,positive,positive,positive,positive,1.0
1,paul,2025-07-31,,great value brand cookingsalad oil go brand need good vegetable oil economicaland quality excellent ive shop around lot youre go difficult time try beat walmart price plusthis oil soybean oil definitely dont problem soybeansthank walmart,food,0,1,positive,negative,positive,positive,1.0
1,nekondeh,2025-08-01,give justin raise asap,justin wonderful customer service drive timely efficient ive use pickup since first begin 6 years ago pickup people generally wonderful need figure keep good employees justin best,food,1,1,positive,positive,positive,positive,1.0
1,rachel,2025-08-23,name brand not make anything better,use buy name brand products recently groceries overprice ive buy store brand come conclusion buy certain name doesnt make better great value veg oil good others lower price,food,0,0,positive,negative,negative,negative,0.0
1,verna,2025-08-22,,dont want review item individual thing buy overall completely satisfy everything purchase deliver completely satisfy deliver order things deliver thank much mrs sanders,food,1,1,positive,positive,positive,positive,1.0
0,roseann,2025-09-07,,disappoint order alot website food seem something always miss item yes things happen understand food order september 7th need vegetable use day upset didnt product order thats didnt order end couldnt nothing dont transportation go get different store otherwise would,food,0,0,negative,negative,negative,negative,0.0
1,judy,2025-07-31,date bread,bread send best buy date july 30 yesterday 31st pick think pick loaves bread even milk look best buy date pick furthest date ive never problems milk bread yesterday probably not gonna last long go bad,food,0,1,positive,negative,positive,positive,1.0
1,tim,2025-08-10,oil try,grandfather 15 grandkids take lot cook oil think oil best buy money need less cook pan add mix dose well mix kind cake mix food cook fryers pot dept fryer no bad taste price well lowest price others try use cook even hand ay end day thank ask think product tim caudill,food,1,1,positive,positive,positive,positive,1.0
1,sandra,2024-01-24,cook oil,not favorite oil fry fish well,food,0,0,positive,negative,negative,negative,0.0
0,magdalah,2024-04-06,thats misarablae,next time give exactly want,food,0,0,negative,negative,negative,negative,0.0
0,carmon,2023-04-02,,vegetable oil open leak,food,0,0,negative,negative,negative,negative,0.0
1,walmart customer,2024-05-07,oiloil,oil oil may fry bake buy expensive oil,food,0,0,positive,negative,negative,negative,0.0
0,k,2023-09-21,vegetable oil,look like vegetable oil drop,food,0,0,negative,negative,negative,negative,0.0
1,linda,2025-10-14,,always fresh last days always fresh last days like freeze defrost flavorful first buy like freeze defrost flavorful first buy,food,1,1,positive,positive,positive,positive,1.0
1,bhargavi,2025-09-27,,flexible cap whenever use oil leak drop come top bottom bottle bottle become muddy sticky please take issue seriously,food,0,1,positive,negative,positive,positive,1.0
1,molly,2025-09-30,,always buy oil start price continue no oily flavor unless want food come right every time,food,0,1,positive,negative,positive,positive,1.0
1,cd,2025-09-17,quality price great,quality price great fry chicken fry always come crunchy outside tender inside best buy youre watch dollars,food,1,1,positive,positive,positive,positive,1.0
1,mrblueu,2014-11-05,bottle design fail,would still recommend product newly design bottle big fail thin plastic smash mash dent inward easily order couple altho mash dent fortunately no spillage go gallon sizebottle design fail mash dent not even sure go pour since top squish inward product within bottle good vegetable oil new bottle design leave much desire,food,1,0,positive,positive,negative,positive,1.0
1,neil,2025-05-30,ideal cook oil,gv cook oil diesnt add extra flavor whatever cook ideal finicky palates use neesd add oil coat skillet add mix call oil also fairly high temperature tolerance doesnt smoke discolor skillets pan highly recommend,food,1,1,positive,positive,positive,positive,1.0
1,melba,2025-05-28,,buy great value products lot theyre budget friendly good name brand vegetable oil taste no different name brand make food taste good use time highly recommend recommend,food,0,1,positive,negative,positive,positive,1.0
1,thomas,2025-07-11,nothing taste better cook oil,slight difference taste premium king oil cook suchcalvin crisco value thru roof bottle add cup half free price 2 king not surprise advise,food,0,0,positive,negative,negative,negative,0.0
0,gregory,2025-05-20,bottle way thin flimsy,oil fine bottle flimsy nothing aggravate grab bottle liquid bottle flimsy liquid squirt top make huge mess last thing need try cook would better bag oil instead thin flimsy collapse bottle least way would expect collapse slightest touch,food,0,0,negative,negative,negative,negative,0.0
1,ella,2022-07-08,really good oil,really good oil switch great value brand buy items gv brand not price sometimes price quality always top notch italian sausages better premio pay gv sausages anytime,food,0,1,positive,negative,positive,positive,1.0
1,naomi,2025-05-26,vegetable oil,vegetable oil say great vegetables perfect cake get dont think work car good didnt get car another note vegetable oil use lot things add water pasta put rise dough hand knead dough put meat kind help hold spice little oil pan also help keep stick crisp meat time vegetable oil go one work,food,1,1,positive,positive,positive,positive,1.0
1,sandy,2026-02-19,must bake need,use bread make cake bake cookies no complaints everything good blance moisture,food,1,1,positive,positive,positive,positive,1.0
1,rita,2026-02-20,,good oil cook fry bake work well bake need good fry make french fry crispy,food,1,1,positive,positive,positive,positive,1.0
1,michael,2025-12-14,good price 26 good quality product,oil good name brand vegetable oil fry stuff cook bake,food,1,0,positive,positive,negative,positive,1.0
1,rn2tired,2025-11-01,good,vegetable oil great fry good name brand much cheaper choose great value oil others,food,1,1,positive,positive,positive,positive,1.0
1,leslie,2025-11-03,,oil gods sake really matter make vegetable oil want taste go buy flavor oil like olive oil,food,0,0,positive,negative,negative,negative,0.0
1,theqjb,2025-10-16,great value vegetable oil,good alternative brand without inflate price high smoke point overall better option mg budget,food,1,1,positive,positive,positive,positive,1.0
1,cynthia,2025-10-27,ok value,sorry not much fan oil seem like take longer cook foods brand,food,0,0,positive,negative,negative,negative,0.0
1,maryhelen,2025-11-02,good product good value,really cant remember use another vegetable oil ive cook years bake fry good price,food,1,1,positive,positive,positive,positive,1.0
1,jeff,2025-10-15,work,cheap fry oil tendency burn lower expect temperatures expect use cheap oil,food,0,0,positive,negative,negative,negative,0.0
1,cillo,2025-11-02,,price especially budget great product order use product time,food,1,1,positive,positive,positive,positive,1.0
1,ashley,2025-11-01,,vegetable oil work like need vegetable oil budget grab great value vegetable oil,food,1,1,positive,positive,positive,positive,1.0
1,susan,2025-11-10,,work great french fry family love way fry taste fry occasional treat rather air fry bake,food,0,1,positive,negative,positive,positive,1.0
0,suckit,2025-11-12,,didnt get didnt get refund walmart worst work ethic customer service liars thieve shop krogers,food,0,0,negative,negative,negative,negative,0.0
1,narendra,2025-11-14,,li would highly recommend customers edible good health no irritate strong smell,food,0,1,positive,negative,positive,positive,1.0
1,jewel,2025-11-14,,definitely another win ongoing increase price performance flavor definitely point thank,food,1,1,positive,positive,positive,positive,1.0
1,delores,2025-11-16,,get big bottle cook oil decide go small bottle oil less space cabinet,food,1,1,positive,positive,positive,positive,1.0
1,ellen,2025-11-15,good,oil goto versatility flavor use bake fry griddle,food,1,1,positive,positive,positive,positive,1.0
1,betty,2025-11-23,,buy price dont complaints good pricier brand name,food,1,1,positive,positive,positive,positive,1.0
1,hester,2025-11-22,,trust walmart great value label present good quality food products lower price deliver,food,1,1,positive,positive,positive,positive,1.0
1,david,2025-12-28,,great go oil need especially like potatoes caramelize onions,food,1,1,positive,positive,positive,positive,1.0
1,joannaisha,2025-12-25,walmart brand excellent,purchase oil use find work perfect need no reason pay extra name brand,food,1,1,positive,positive,positive,positive,1.0
1,esther,2025-12-25,,cook oil product store neutral flavor use bake fry,food,1,1,positive,positive,positive,positive,1.0
1,rebecca,2025-12-29,great value good name brand,use lot bake poppyseed bread everyone love bread great vegetable oil good name brand,food,1,1,positive,positive,positive,positive,1.0
1,pamela,2026-01-02,,dont use lot oil cook also reuse oil without bad taste taste burn,food,1,0,positive,positive,negative,positive,1.0
1,doris,2026-01-06,great,cant afford olive oil one never know really olive oil price way buy,food,1,1,positive,positive,positive,positive,1.0
1,anna,2026-01-07,love food mainly chicken,love oil try keep much oil system though child lovely teens try nice jeans try cut oil bake,food,0,1,positive,negative,positive,positive,1.0
1,catherine,2026-01-06,,work fine cut grocery cost one way not tell difference taste,food,1,1,positive,positive,positive,positive,1.0
1,debbie,2026-01-08,healthy egg,egg good usually like 24 egg pack not available settle 12 pack good value,food,0,0,positive,negative,negative,negative,0.0
1,caitlin,2026-01-07,great product,good product use make latkes holiday taste great buy,food,1,1,positive,positive,positive,positive,1.0
1,artisha,2026-02-21,,like great price dislike get black 1 use use fudgy browniesand dont dry fast,food,0,0,positive,negative,negative,negative,0.0
1,tami,2026-02-02,,want cisco brand shopper say walmart doubt walmart not need oil,food,0,0,positive,negative,negative,negative,0.0
1,edilsa,2026-02-09,,oil use fry doesnt leave oily taste start use bake also work great,food,1,1,positive,positive,positive,positive,1.0
1,dolores,2026-02-07,,good taste like flavor wise isnt rich price good always go recommend 100,food,1,1,positive,positive,positive,positive,1.0
1,auntiefaith,2026-02-10,good name brand,use great value oil bake fewtimes fry something oil light doesnt power taste food,food,1,1,positive,positive,positive,positive,1.0
1,steve,2025-05-04,great watch eagle destroy chiefs,buy could experience amaze playoff run 20242025 philadelphia eagle go bird use centerpiece outdoor party tent watch eagle completly destroy kc chiefs beautiful watch superbowl 37 time last 3 monthsit best day life projector well worth money,electronics,0,1,positive,negative,positive,positive,1.0
1,christina,2024-04-27,grandpa love nice projector,nice projector grandpa birthday gift happy purchase love stay home watch movie friendly user easy use set tv either use wifi bluetooth another like love go camp bring lightweighted small picture quality good tv thank much product arrive time able give weekend bday party,electronics,1,1,positive,positive,positive,positive,1.0
1,krista,2024-12-16,excellent picture,cool get kid christmas get stick check outsetting still watch kid come school dial make cleareven projector screen look clear buy kid one keep one downside cant download disney connect xbox want,electronics,1,1,positive,positive,positive,positive,1.0
1,michelle,2024-11-26,amaze portable projector,buy around 50 black friday want affordable beginnerfriendly projector project bedroom ceiling take outside deck company havent try take outside project perfectly onto ceiling bluetooth capable use shokz headphones sound audio decent prefer connect another device sound better,electronics,1,1,positive,positive,positive,positive,1.0
1,natalie,2025-04-14,good image work,really surprise quality image price size sound quality not amaze doesnt mean bad normal since design share video app work fine image although not perfect good enough see color main concern buy remind quality cheap tvs begin 2000s lol good enough extra secondary tv need case,electronics,1,1,positive,positive,positive,positive,1.0
1,anonymous,2025-07-12,impress,good projector price would recommend still use firestick roku applications software projector little glitchy definitely worth money though,electronics,1,1,positive,positive,positive,positive,1.0
0,sharon,2025-01-30,go return,two star wifi bluetooth high resolution product not compatible airplay reach company tell use cable another thing project black spot definitely something wrong,electronics,1,0,negative,positive,negative,negative,0.0
0,anonymous,2025-03-18,quality issue not 4k,money time wast wont support 4k corner blur might get headache watch movies inconsistent quality picture auto correct another issue manually correct keystone make square hd project 15 feet width blur go bigger screen size projectors use many years plz spend little get good one,electronics,0,0,negative,negative,negative,negative,0.0
0,cindi,2025-10-25,,not long picture go,electronics,1,0,negative,positive,negative,negative,0.0
1,luisa,2025-02-09,worth money,worth money spend connect apple tv work perfectly issue dont unplug turn back sound doesnt work overall product pretty good,electronics,0,1,positive,negative,positive,positive,1.0
0,elfonsey,2024-12-05,false advertise,not item order evidence see attach picture recieved order picture would like item order money back make no difference,electronics,0,0,negative,negative,negative,negative,0.0
1,christina,2025-02-12,cant scroll netflix easily,really like things dont like not able scroll netflix easilyyou use mouse button fact not chargeableit plug work,electronics,0,0,positive,negative,negative,negative,0.0
1,becky1968,2025-08-31,good pic,great pic easy use love pic back neighbor wood fence fire go,electronics,1,1,positive,positive,positive,positive,1.0
0,luis,2025-04-06,,scammed send bed sore lotion please dont buy,electronics,0,0,negative,negative,negative,negative,0.0
1,aaliyah,2025-09-29,,projector absolutely amaze surprise price sound good picture quality super clearjust plug connect wifi worksss good come hdmi hook computer anything else,electronics,1,1,positive,positive,positive,positive,1.0
1,angel,2024-04-23,worth buy,small size big effect plug play see comment try buy mentality not expect clear no difference tv convenient tv not hang wall put wall big screen tv also cast ceiling achieve lie enjoy program hundreds dollars see draw curtain day also clear slightly less night overall cost performance high real comment buyers behind real reference,electronics,0,1,positive,negative,positive,positive,1.0
1,bishal,2024-05-02,good small projector,projector arrive time good package projector light weight compact portable like visual resolution high definition clear clarity visuals projector connect internet use wifi speakers use bluetooth like sound speaker connect use bluetooth good small projector,electronics,0,1,positive,negative,positive,positive,1.0
1,min,2024-05-08,good product,buy projector family room quality amaze everyone love projector easy use not much clean movie night doughters birthday freinds ask products afterwards downside audio little lower use bluetooth speaker fine overall family love lot,electronics,0,1,positive,negative,positive,positive,1.0
1,ns,2024-05-01,nice projector high picture quality,really like product compact nice design easy move install like pixels quality projector really help baby calm also enjoy watch movies projector connect wifi enjoy netflix youtube convenient move room anywhere without issue far happy purchase,electronics,1,0,positive,positive,negative,positive,1.0
1,ss,2024-05-04,smart compact projector 4k,smart compact 4k projector like especially price range work well actually beyond expectations price think would not work wifi watch prime netflix youtube need not stick tv time move room want watch anything easy set worth buy,electronics,1,1,positive,positive,positive,positive,1.0
1,calvin,2024-06-19,good compact projector,get mini projector smart movie projection recently awesome super easy set use picture quality pretty impressive small device lightweight portable ive move around house even use outdoor movie night one cool thing try project onto ceiling lie bedsuch fun experience check photo builtin speakers decent overall great little projector price,electronics,1,1,positive,positive,positive,positive,1.0
1,nikita,2024-05-06,simply great projector worth buy,simply amaze product well perform like product easy install take 5 minutes open operate work wifi price affordable enjoy watch show projector easy move setup room also carry want trip,electronics,1,1,positive,positive,positive,positive,1.0
1,jona,2024-04-27,surprisingly good projector,take almost no time set simple small portable test floor verify important stuff work take mount base screw ceiling single screw washer instal work great im surprise quality image clear autokeystone function straighten image instantly wifi android os remote controller fine standalone entertainment projector not try cast nor usb hdmi function stream fast smooth minor complaint brightness image definitely not bright enough use well light room work well dim room great dark sound quality good not loud crystal clear besides thats bluetooth overall good easy use projector,electronics,1,1,positive,positive,positive,positive,1.0
0,juan,2024-05-30,bait switch,try purchase projector list instead get different one probably inferior feature,electronics,0,0,negative,negative,negative,negative,0.0
0,stephen,2024-10-31,could better,picture quality good auto adjust doesnt work well cant get apps work youtube without add chromcast roku,electronics,0,0,negative,negative,negative,negative,0.0
1,bedy,2024-09-27,life saver,pocket projector nice image good resolution nice screen view size use seal girlfriend watch tv 1080p 60hz good game 4k 30hz decent game 1080p 60hz good video stream 4k 30hz decent video stream,electronics,1,1,positive,positive,positive,positive,1.0
1,sid,2024-06-15,smart great quality,honestly super surprise quality projector apps like netflix youtube already come instal also cast phone directly projector love quality totally worth price,electronics,1,1,positive,positive,positive,positive,1.0
1,anna,2024-04-24,compact portable projector,light small projector relatively clear even daytime think use not home also campingthe builtin app also fast open,electronics,1,1,positive,positive,positive,positive,1.0
1,rachel,2024-10-23,well worth happy find sale,amaze easy set hook wifi picture crisp clear sound good add sound bar better sound farther away unit,electronics,1,1,positive,positive,positive,positive,1.0
1,jam,2025-10-30,,buy camp watch scary movies outdoors absolutely love small portable convenient simple plug n play smart projector hdmi bluetooth smart apps preloaded perfect hi def picture amaze sound little projector tho bluetooth external speaker movies outside perfect around,electronics,1,1,positive,positive,positive,positive,1.0
1,carlos,2025-10-31,,im impress little portable projector easy use small speaker inside bluetooth speaker make sound better easily sync smartphone apps already install apps portable cant wait take beach camp even use balcony,electronics,1,1,positive,positive,positive,positive,1.0
1,jane,2025-11-20,,work great bluetooth ipad android phone wifi stream service would better resolution color intensity good screen find wall ceiling quite good artist project image canvas sketch wonderful great value doesnt heat 30 minutes use happy,electronics,1,1,positive,positive,positive,positive,1.0
0,freddie,2025-11-16,really worth 41,alright neat gadget like starry sky provide honestly dont believe thing would ever real tell 400 im not buy worth 41 no dont think sell retail 41 able get 25 id bargain think inflate retail value impress upon make good deal think mislead,electronics,0,0,negative,negative,negative,negative,0.0
0,julie,2026-01-07,,finally get projector setup turn discover lens dirty inside dirt spot show middle screen everything try watch make us miss fine detail like watch bad vhs tape thats not bad enough projector constantly shut random moments throughout movie tech support recommend unplug projector fix problem not correct problem,electronics,0,0,negative,negative,negative,negative,0.0
0,robert,2025-11-30,deceptive market 40 product,40 projector not 300 projector drastically reduce shameful market worth pay hope walmart aware use deceptive market practice want return lie not feel rip,electronics,0,0,negative,negative,negative,negative,0.0
1,dee,2025-12-28,great little projector,purchase projector see version social media honestly blow away picture quality build android system also use google stick roku device find easier use add devices remote control thats personal preference sound quality could better use earbuds meet expectations pair bluetooth speaker better volume great little projector price extremely convenient,electronics,0,1,positive,negative,positive,positive,1.0
0,gysbert,2025-12-27,total crap,piece dung cheap pakistan product walmart try sell us not buy picture quality low struggle connect wifi struggle clear picture no proper focus not stay connect wifi bluetooth phone,electronics,0,0,negative,negative,negative,negative,0.0
0,falselyaccurate,2025-11-25,website doesnt list model anywhere,product receive model no x1bq register warranty get help model x1bq not list anywhere website wont know file videos watch download several model look exactly also 9 starry light videos builtin not run smoothly jerky,electronics,0,0,negative,negative,negative,negative,0.0
0,jacob,2025-11-21,youre want quality projector look elsewhere,qc must miss one several small object interior lens appear kind oil grease leave nice smudge corner im busy guy not worth time return one step ewaste since technically operational,electronics,0,0,negative,negative,negative,negative,0.0
1,sodafinder,2025-11-25,great picture sound could issue,projector picture great sound bad cannot output sound except bluetooth disconcert thankfully stereo system process hdmi run content output hdmi projector hdmi input,electronics,0,1,positive,negative,positive,positive,1.0
0,timothy,2025-11-27,,mislead original price walmart say originally 399 white one 299 black one reality originally 99 put sale say consumer save actually everyone already know literally anything buy walmart inferior original product walmart roll back price blatant lie unacceptable happily purchase higher price one return one know ill actually get im pay not mislead,electronics,0,0,negative,negative,negative,negative,0.0
1,jaime,2025-11-26,,like alot compact portable apps include ones normally useconnectivity players dvd blurry game station project ceiling im rest bed neck nerve tire neck back discomfort damage,electronics,0,1,positive,negative,positive,positive,1.0
1,miranda,2026-01-01,,perfect item outdoor movie nights move use closet entertain daughter move furniture house super easy use overall great purchase cant wait summer fire pit season entertain kid,electronics,0,0,positive,negative,negative,negative,0.0
1,walmart customer,2025-11-01,good price limit,not 1080 advertise native resolution unit 720 mean element within projector create display 1280 x 720 support 1080 mean put 1080 video scale no internal battery must plug include adapter actual power connector unit weird 4 pin port 3 prong electrical plug back panel single full size hdmi port usba port connections usb drive connect hdmi cable insert unit base not able rotate completely hit usb drive cable underside base include 14 mount thread mount tripod focus ring work well produce sharp image menus straight forward clean look shortest distance able get focus 40 unit light weight easy use buy halloween projection map work fine want watch movies camp youll need external power source like solar generator dont believe power usb didnt test turn press hold power button back end 3 second sound isnt bad not great internal fan kinda loud drown soft quiet movies no external audio port connect bluetooth speakers volume control affect bluetooth level delay audio audio half second behind video lip sync noticeably connection lose unit revert back internal speaker 510 second extra bonus come think 7 different star galaxy projections shine ceiling however frame rate poor videos playback star videos choppy video playback external content smooth take 1 star advertise 1080 not,electronics,0,0,positive,negative,negative,negative,0.0
1,michael,2025-11-12,christmas gift drive home backyard,buy gift christmas look like nice projector dont want open christmas gift money look like great deal also buy portable screen sound bar like movie night every saturday night know kid love size look like drive,electronics,1,1,positive,positive,positive,positive,1.0
1,jason,2025-12-15,,work exceptionally well price feature something spend hundreds dollars even thousand thing feature good im sure good others need something inexpensive thats get good quality multiple feature,electronics,0,1,positive,negative,positive,positive,1.0
1,kim,2025-12-25,work well,son move apartment right christmas know like tv bedroom figure would want one live room well much cheaper solution love project right fireplace tv mount picture great really surprise well perform extremely happy,electronics,1,1,positive,positive,positive,positive,1.0
0,lhohio,2025-12-26,,fraud didnt order return code send refund recharge contest card co lie n say order 2 return one despite provide proof send one still wouldnt help cant get anyone figure ot scammed note didnt even purchase item order middle night n no one else,electronics,1,0,negative,positive,negative,negative,0.0
1,riley,2026-01-05,good slight issue,alright not best one need use xbox picture good change picture settings settings extreme like brightness get way bright even put couple notch change sharpness barely look like things outline sharpie remote work well doesnt make lot noise volume low even way might need bluetooth speaker,electronics,1,1,positive,positive,positive,positive,1.0
0,keren,2026-01-05,ok price sale,picture not great look really pixelated even adjust settings not bright bluetooth work fine also doesnt seem work hdmi work include hdmi reason include one plus,electronics,0,0,negative,negative,negative,negative,0.0
1,andrea,2025-11-01,,dislike remote really cheaply make doesnt work properly buy replacement still box wouldve return ask new one keep mind remote projector awesome hook onn box fire stick roku work flawless mirror phone pretty cool dont recommend,electronics,0,0,positive,negative,negative,negative,0.0
1,john,2025-11-03,,amaze little projector low price skeptical figure worth risk well surprise unit easily rival much costly projector setup super easy picture surprisingly good absolutely no lag time,electronics,1,1,positive,positive,positive,positive,1.0
1,aly,2025-11-30,love,love much favorite thing ive order giant tv roof im bed video quality great call mom show like want one dad come home saw guess say want one get,electronics,1,1,positive,positive,positive,positive,1.0
1,katherine,2025-12-22,,admit wasnt expect work well im impress definitely get moneys worth bluetooth connection quick connect wifi easily auto adjust work well make sure room youre use good dark pretty much plug play easy enough set,electronics,1,1,positive,positive,positive,positive,1.0
1,abhijeet,2025-12-05,amaze little inexpensive projector,native interface little clunky overall capabilities price point phenomenal connect apple tv great experience easily switch air pod external bluetooth speaker build speaker not great adequate use mobile projector great camp students may not room large screen,electronics,1,1,positive,positive,positive,positive,1.0
1,heidi,2026-02-05,,hard get want head not move smoothly super loud remote tedious type username passwords def not user friendly picture quality good hard hear noise emit unit buy make wall window medieval castle work perfectly also havent figure portablerechargeable plug night would not stay unplug maybe hopefully ill figure eventually,electronics,1,0,positive,positive,negative,positive,1.0
0,chad,2025-10-01,stop work months,absolutely love projector first months since purchase completely stop work none apps load no showsmovies load say need update say newest version doesnt work model,electronics,0,0,negative,negative,negative,negative,0.0
1,kbeau,2025-10-09,great value,grands love project show wall ceiling travel use hotel visit family rv price would say 5 star little cost no worry something happen use time fun way get chill relax,electronics,1,1,positive,positive,positive,positive,1.0
1,hansel,2024-05-12,,ability cast screen angle id like able adjust volume output device theres no problem,electronics,0,0,positive,negative,negative,negative,0.0
0,rosa,2024-07-13,speaker volume not loud enough,speaker volume not loud enough use backyard movie night wouldnt recommend use outdoors better volume indoors,electronics,0,0,negative,negative,negative,negative,0.0
1,adriana,2024-10-21,,love picture clear26 sound good well not big fan remote manage,electronics,1,1,positive,positive,positive,positive,1.0
1,ricejm,2025-11-07,nice projector,little projector pretty good picture set watch bed youre look projector one good picture,electronics,1,1,positive,positive,positive,positive,1.0
1,audrey,2026-02-10,like,good quality durable need use external speaker watch movies friends overall good small easily transportable good image,electronics,1,1,positive,positive,positive,positive,1.0
1,kelly,2025-12-03,,work fine need box go connect apps volume low need bluetooth speaker ake lounder get things go great,electronics,0,1,positive,negative,positive,positive,1.0
0,clarence,2025-12-04,,weak image poor resolution one get one pay probably ok child positive side easy use flexible rotate reposition image,electronics,0,1,negative,negative,positive,negative,0.0
0,shannon,2025-12-05,work like suppose,work great im look kind screen im do look screen eye dont feel strain kinda girly look dont mind help eye thats matter,electronics,0,1,negative,negative,positive,negative,0.0
0,yesenia,2025-12-03,dont waste money,poor quality make sound need improvement need use devices able hear sound not recommend product cost less base quality,electronics,0,0,negative,negative,negative,negative,0.0
1,jessica,2025-12-02,,hard connect phone finely get thing would suggest make space higher better movement plug,electronics,0,1,positive,negative,positive,positive,1.0
1,nicole,2026-01-05,great picture 26 sound,really great price thing wish different would wish could download apps onto projector ones download work great family really enjoy product,electronics,1,1,positive,positive,positive,positive,1.0
1,jaclyn,2025-11-10,love need better speakers,absolutely love thing recommend people however need louder speakers buy portable speaker im hop solve issue 100 keep bad boy,electronics,1,1,positive,positive,positive,positive,1.0
1,buddyl,2025-11-19,,cheap introduction devices could evaluate figure feature really need next purchase display options directional capability,electronics,0,1,positive,negative,positive,positive,1.0
0,biggie,2025-12-21,not work consistently,work one five time take major event anyway hour try get work not work important party im do thing,electronics,0,0,negative,negative,negative,negative,0.0
0,viv,2026-01-02,,not like picture refund also not provide refund even walmart support team not take anything seriously support team try end chat without resolution,electronics,0,0,negative,negative,negative,negative,0.0
0,blane,2025-12-25,,not receive item yet october 13th order walmart not right go january still not receive projector yet,electronics,0,0,negative,negative,negative,negative,0.0
0,tanya,2025-12-24,,volume low even way remote work want want let apps download like freeze stop everything restart not good quality product buy,electronics,0,0,negative,negative,negative,negative,0.0
1,debby,2025-12-22,awesome little projector money,good value money small compact work really well dark room would not recommend use bright set also would recommend get bluetooth speaker give realistic sound production,electronics,1,1,positive,positive,positive,positive,1.0
0,catarino,2025-12-26,,buy item come twice would not work afterwards come work great company send fully function device gladly change review,electronics,1,1,negative,positive,positive,positive,1.0
1,jeff,2025-12-08,,cost thrill device ton connectivity options super easy operate wish buy two great item work great picture agreeable price could not please,electronics,1,1,positive,positive,positive,positive,1.0
1,jeremy,2025-12-09,,love everything little projector get great image good quality small compact thing dont like speaker speaker not good quality bad speaker,electronics,1,1,positive,positive,positive,positive,1.0
0,salvador,2025-12-06,nope,receive replacement not work remote come nothing connect port home screen 3 button work projectors,electronics,0,0,negative,negative,negative,negative,0.0
1,clayton,2025-10-21,,love everything projector except remote controller remote doesnt work instantly every time sometimes hit button multiple time want,electronics,0,0,positive,negative,negative,negative,0.0
0,js,2025-12-29,not good,disappoint projector shut every 2025 minutes cant watch anything continuously remote also unresponsive hard use worst purchase ive madedefinitely not worth money not recommend,electronics,0,0,negative,negative,negative,negative,0.0
0,august,2025-11-04,not worth hassle,picture blue shadow dark remote slow response nearly unusable fan run time plug get hot,electronics,0,0,negative,negative,negative,negative,0.0
0,christopher,2025-11-24,,wake america scam year walmart tell 400 ballpark projector get incredible black friday deal not 41 sale 41 everywhere time fake product price scam,electronics,1,1,negative,positive,positive,positive,1.0
1,johnelle,2026-01-28,happy time,im not tech savvy say super easy set really quality awesome 26 already speaker pair external speaker glad get,electronics,1,1,positive,positive,positive,positive,1.0
1,anonymous,2026-02-21,,work perfectly screen mirror work well able connect bluetooth devices easily great students want presentations wake good light dark environments,electronics,1,1,positive,positive,positive,positive,1.0
1,mark,2026-02-28,,great price take chance wow super easy use better picture expect use outside backyard camp,electronics,1,1,positive,positive,positive,positive,1.0
1,rebecca,2026-02-27,,great price everything look great fairly easy use remote control frustrate part slow half time doesnt work look new remote,electronics,1,1,positive,positive,positive,positive,1.0
1,anonymous,2025-08-03,good could better,image quality really good system include apps pre instal use play store download others reason im not give higher review sound quality integrate speaker bad audio output level really low even connect aux use bluetooth otherwise nice deal,electronics,0,1,positive,negative,positive,positive,1.0
1,jacqueline,2025-08-08,amaze,absolutely love projector look like im watch actual tv thats good quality tv fanatic say look like tv quality baby best believe excite grandkids come watch movie entire wall really yall big one one,electronics,0,0,positive,negative,negative,negative,0.0
1,kimberly,2025-07-26,good picture quality,picture quality advertise good remote hard use dark cannot see button attribute operator knowledge soon know button good go without fumble around compare larger projector little system hand much better quality mention picture quality good little texture wall ceiling picture still really good look forward take camp grandchildren,electronics,0,0,positive,negative,negative,negative,0.0
0,nathan,2024-11-03,horrible product not even 240p,blurry unable adjust settings terrible product,electronics,0,0,negative,negative,negative,negative,0.0
0,logan,2025-09-15,bust not even two weeks,no longer connect wifi bluetooth function wont allow mirror phone anything else im sit hunk garbage worth maybe 30 work,electronics,0,0,negative,negative,negative,negative,0.0
1,paulina,2025-09-20,awesome little projector,really good purchase movie nights kidssimple use plug play project unto ceiling grab pillow blanket snuggle watch love purchase,electronics,1,1,positive,positive,positive,positive,1.0
0,robert,2025-10-14,nice price not equal feasible,device extremely hot 2 hours could not use longterm view even fan place display still extremely hot fear fire hazard leave andor unmonitored,electronics,0,0,negative,negative,negative,negative,0.0
1,sathiyachalam,2025-07-13,great little projector perfect kid,buy mini projector kid bedroom im really impress picture quality sharp colorful especially dim room small quiet super easy set upjust plug ready go builtin speaker good enough room sometimes connect bluetooth speaker louder sound kid love watch cartoon movies wallit feel like mini theater price great value work better expect make bedtime fun highly recommend youre look affordable fun projector kid,electronics,1,1,positive,positive,positive,positive,1.0
0,john,2025-04-01,,work great week picture quality look like 720p not big problem hdmi stop connect use netflix app build work great first time able watch entire movie shut completely 1520 minutes,electronics,1,1,negative,positive,positive,positive,1.0
0,sandra,2025-06-09,not connect cell,not buy unless plan use fire stick 26 bluetooth speaker google pixel cell phone not cast anything projector follow instructions try many different ways bluetooth wifi different apps not connect use phone get projector connect wifi fine try log youtube account youtube app come projector watch regular youtube videos way not open movie rent purchase youtubegoogle luckily spare firestick plug projector allow watch movies youtube stream service thankfully projector connect bluetooth speaker projector speaker pretty quiet sound quality really horrible quality picture decent not amaze expect price not try connect hdmi laptop may work well,electronics,1,0,negative,positive,negative,negative,0.0
0,anonymous,2025-05-26,,main reason purchase able use iphone instructions state mirror iphone screen not work able eventually download prime watch movies extreme let feature buy not work cannot contact company,electronics,0,0,negative,negative,negative,negative,0.0
1,clyde,2025-04-20,amaze little projector,get sale watch occasionally kid wont replace main projector amaze good look especially consider price clear even visible ambient light projector size 26 price cant go wrong,electronics,1,1,positive,positive,positive,positive,1.0
0,isss,2026-02-13,,hard use connect apps screen keep default use certain selection annoy,electronics,1,0,negative,positive,negative,negative,0.0
1,felicia,2025-11-30,,good picture price thing recommend pair speaker sound bar full effect,electronics,1,1,positive,positive,positive,positive,1.0
0,buford,2025-12-02,,not buy hard adjust theres no 4k look worse phone glitch,electronics,0,0,negative,negative,negative,negative,0.0
1,kirstan,2025-12-04,,great projector price picture not bright expect not complaint fact love,electronics,1,1,positive,positive,positive,positive,1.0
1,nate,2025-12-01,1080 projector ceiling bedroom,like much im gonna order two good idea watch movies ceiling youre sleep,electronics,0,1,positive,negative,positive,positive,1.0
1,brian,2026-01-04,,great buy downside dust build internal lens no possible access well worth purchase,electronics,1,1,positive,positive,positive,positive,1.0
1,teresa,2025-11-26,,good quality excite use christmas gift white santa gift exchange game,electronics,1,1,positive,positive,positive,positive,1.0
1,itzel,2025-11-25,,great quality downfall yet im not able screen mirror iphone still not figure,electronics,0,0,positive,negative,negative,negative,0.0
1,quinn,2025-11-21,projector 4k,no issue past weeks keystone internet wasnt work completely par,electronics,1,1,positive,positive,positive,positive,1.0
0,joshua,2025-11-21,,projector feel cheap quality display incredibly dim loud ams heat fast power cord horrible design,electronics,0,0,negative,negative,negative,negative,0.0
0,dongjae,2026-01-25,battery break item arrive,battery break doesnt get charge doesnt work without charger plug charger unplug turn immediately,electronics,0,0,negative,negative,negative,negative,0.0
0,lisandro,2026-01-29,buy risk,super pixeled image look horrible bad quality super expensive type projector,electronics,0,0,negative,negative,negative,negative,0.0
1,frugalme,2025-11-13,great price,love wish volume higher project wall amaze,electronics,0,1,positive,negative,positive,positive,1.0
1,zachary,2026-01-01,,love use master bedroom would put basement move furniture around,electronics,0,1,positive,negative,positive,positive,1.0
1,art,2025-12-20,great product,love picture sound small whis expect also hook speaker bluetooth,electronics,0,0,positive,negative,negative,negative,0.0
1,walmart customer,2025-12-19,,good price pay 40 dollars work best screen mirror run apps product self super laggy,electronics,0,0,positive,negative,negative,negative,0.0
0,brant,2025-12-23,cool work,projector not come remote manual unbranded theres no button projector navigate screen apps,electronics,0,0,negative,negative,negative,negative,0.0
1,tari,2025-12-24,,really neat projector connect wifi download apps like netflix disney plus incredible value cost,electronics,1,1,positive,positive,positive,positive,1.0
1,j,2025-12-11,,display size good download apps use bluetooth pain old feller like,electronics,0,1,positive,negative,positive,positive,1.0
0,amanda,2025-12-08,son almost get cut not ok,gift 14 year old son open already open also home make blade,electronics,0,0,negative,negative,negative,negative,0.0
0,jodi,2025-12-06,false advertise,item not advertise project picture galaxy not project movies videos,electronics,0,0,negative,negative,negative,negative,0.0
0,brandy,2025-11-24,dont waste money,way sell not independent join wifi self remote doesnt work run hot less 15minutes,electronics,0,0,negative,negative,negative,negative,0.0
1,walmartcustomer,2025-09-25,,never buy mattress online wasnt sure would arrive roll tube pack way could move box easy remove package clear instructions unwrap mattress let reach full state,furniture,1,1,positive,positive,positive,positive,1.0
1,anonymous,2025-08-12,better expect,look something affordable wasnt cheap mattress childs room deliver day early spring mattress take two days foam part fully decompress pack inside box little intimidate no hassle easy unbox pretty comfy snuggle,furniture,1,1,positive,positive,positive,positive,1.0
1,walmartcustomer,2025-05-25,,thing would recommend walmart use another service ontrac delivery wait day delivery wasnt deliver 730 pm,furniture,0,0,positive,negative,negative,negative,0.0
1,jam,2025-08-14,,absolutely love bed would recommend anyone arthritis stenosis lumbar cervical suffer tremendously normally sleep recliner order bed move new apartment put together love tell everyone know need bed thank much provide,furniture,1,1,positive,positive,positive,positive,1.0
0,terrance,2025-09-27,cause chemical burn cant hole seam,open vacuum seal hole bottom side close stitch corner figure sheet would cover daughter sleep bed end horrible rash doctor say chemical burn assume maybe skin shes sensitive trade brand new mattress brothers use one neither end rash next morning except face eye swell shutwalmart wont refund without send back no problem health hazard us point come vacuum seal suppose return mattress no vehicle offer leave outside ship drivers come iti live suburb hoa would never allow place mattress porch 2448 hours im go end toss definitely dont get younger ones,furniture,0,0,negative,negative,negative,negative,0.0
0,kristen,2025-09-18,worlds worst mattress,buy sons twin bed buy batmobile bedframe bed would floor second put pound pressure mattress flatten grind feel every single spring except spring outer layer im not sure theres substance mattress not buy save money,furniture,0,0,negative,negative,negative,negative,0.0
0,lucretia,2025-07-22,,buy smash mom end put upstairs storage could feel spring place soon sit not thick feel every metal spring sit lay uncomfortable no support whatsoever maybe thats cheap,furniture,0,0,negative,negative,negative,negative,0.0
0,javier,2025-12-08,awful customer service,walmarts service awful mattress extraordinarily uncomfortable try return walmart cancel return pickup 5 time last time try tell pick never available want return need drop product extremely unproffessional behaviour,furniture,0,0,negative,negative,negative,negative,0.0
0,chlorinefree,2025-12-09,mattress okay child,buy emergency twin mattress guest would ruin pricey serta mediumfirm bed due heavy smoker quickly order budget mattress 10000 no intention savingkeeping mattress guest leave would smell cigarette smoke say mattress definitely design child anyone weigh 100 lbs feel spring sleep uncomfortably unless purchase childspend bite get better mattress thank read review,furniture,0,0,negative,negative,negative,negative,0.0
0,jonathan,2025-11-28,,two mattresses uncomfortable return local store per specific email instructions walmartcom walmart refuse refund multiple call promise resolve multiple store visit no resolution store claim no way communicate anyone corporate higher level able reach call center incredibly frustrate unprofessional customer service experience not renew walmart membership shop walmart,furniture,0,0,negative,negative,negative,negative,0.0
1,jazmin,2025-12-27,,maybe bc adults naturally heavier not like mattress get two kiddos not even 50 lbs theyre havent complain lay one felt hand almost rip thats thin felt,furniture,0,0,positive,negative,negative,negative,0.0
1,andrea,2025-10-13,mattress,bed comfortable daughter love sleep lot better bed product definitely worth money reasonable price mattress comfortable opinion would recommend buy thisl bed comfortable daughter love sleep lot better bed product definitely worth money reasonable price mattress comfortable opinion would recommend buy im highly satisfy purchase im highly satisfy purchase,furniture,0,1,positive,negative,positive,positive,1.0
0,bill,2025-12-29,damage anddefective throw 2 days,always try write positive review coilssprings go different directions damage couldnt sleep uncomfortable really like zinus brand use zinus mattresses nearly decade unfortunately toss within couple days take huge loss one,furniture,0,0,negative,negative,negative,negative,0.0
0,anonymous,2025-08-19,mattress lack support,buy sons dorm mattress good price lack support back mattress sink soon sit im around 100 pound would like return request take store repack free pick not possible us repack mattress come tightly bundle roll spread full size open package stick one need think dispose,furniture,0,0,negative,negative,negative,negative,0.0
0,monica,2025-08-22,,excite guess match think better one buy home plus years ago im actually glad didnt throw away home plus mattresses mattress not work let granddaughter shes much younger smaller person tell grandma feel spring mattress not go good mattress guess get pay around 100 get less value 100 mattress,furniture,0,0,negative,negative,negative,negative,0.0
0,chelsea,2026-01-20,stop get pay dont buy,terrible mattress super thin little no support feel inner spring fabric less 100 lbs literally hit box spring sit replace not 5 months later fine display not waste money,furniture,0,0,negative,negative,negative,negative,0.0
1,lakeisha,2026-02-01,,take longer expect keep reschedule delivery days throw assembly schedule still havent get work yet keep bring one person tell two need reschedule inconvenience,furniture,0,0,positive,negative,negative,negative,0.0
0,nitejezter,2025-09-11,could worse,price ok options idea firmness comfort forget top layer may well paper yup thin feel pics see every spring hear knowhelps sleep advice spend buck get something better zinus really drop ball last yrs shame,furniture,0,0,negative,negative,negative,negative,0.0
0,susan,2026-01-01,,mattress look nice picture disappoint real life look feel cheap uncomfortable definitely feel spring basically oversized crib mattress doesnt fully fit bed frame disappoint saw,furniture,0,0,negative,negative,negative,negative,0.0
0,mary,2026-02-24,not satisfy purchase,mattress arrive roll box unpack let lay bed foundation 3 nights direct mattress completely collapes set not medfirm state not meet weight describe bad purchase make however sleep nothing else sleep therefore keep get another,furniture,0,0,negative,negative,negative,negative,0.0
1,scrapbookingvlcs,2026-03-04,twin firm 8 inch mattress,mattress come compress take 4872 hours decompress becareful open cartoon not damage mattress plump really nice say do nice firm gel pad material full nights sleep easy setup stand back say know kung fu hehehehe highly recommend,furniture,1,1,positive,positive,positive,positive,1.0
1,jade,2026-01-02,worth every penny,purchase mattress toddlers bunk bed 26 comfortable little nervous due review worth every penny super easy set take box 26 let lay flat take shape comfortable ive even sleep mattress mislead youre second guess purchase dont comfort 26 sturdiness good price,furniture,1,1,positive,positive,positive,positive,1.0
0,joan,2026-03-03,okay short term use,buy mattress 6month stay temporary address camp not intend keep mattress 6 months temporary mattress okay would not recommend ongoing use soft feel spring move sleep position,furniture,0,0,negative,negative,negative,negative,0.0
0,jenny,2026-03-06,mehh,get sons floor bed not sure im use sleep memory foam mattresses top layer thin feel every single spring fit bed frame perfectly like height toddler son sleep fine adult wouldnt get anyone 100lbs maybe separately topper would help,furniture,0,0,negative,negative,negative,negative,0.0
0,surbhi,2025-06-14,walmart refund nightmare,two months ago request refund walmart still havent receive customer service experience frustrate pass blame around despite call multiple time tell request wasnt escalate claim buyer beware walmarts refund process nightmare avoid order,furniture,0,0,negative,negative,negative,negative,0.0
0,christopher,2025-06-24,not buy,even let sit 38 hours significantly deform one side completely collapse put pressure whole mattress wave terrible product buy mattresses online already skeptical products like exactly,furniture,0,0,negative,negative,negative,negative,0.0
0,walmartcustomer,2025-03-23,,uncomfortable take long ship not worth money coil felt top mattress 26 doesnt fit twin xl bed frame l purchase competitor walmart since couldnt find single bed frame daughter 26 want deliver next day cant return take vacuum seal ill take loss purchase another mattress somewhere else thank nothing walmart,furniture,0,0,negative,negative,negative,negative,0.0
0,emma,2025-06-22,dont waste time,worst mattress ever buy 6 inch mattress put daybed spring terrible felt like awful air mattress soon someone else sit no pad whatsoever transport bring walmart store return not waste time mattress,furniture,0,0,negative,negative,negative,negative,0.0
1,carrie,2025-06-27,good mattress,extremely comfortable ive sleep one 14 years get another day bed guest room come roll box vacuum pack cute warn card youre not careful open package explode go slow,furniture,1,1,positive,positive,positive,positive,1.0
0,elias,2025-08-31,flatten quickly,take mattress box please within weeks flatten permanently center like one inch foam pad,furniture,1,0,negative,positive,negative,negative,0.0
0,hmandgprty4u,2025-09-13,,every movement felt inner spring buy mattresses topper know would purchase different one would not recommend mattress,furniture,0,0,negative,negative,negative,negative,0.0
0,pattie,2025-09-25,,bed bug warn receive 2 items walmart warehouse bed bug walmart refuse help spend 100s get rid bedbugs zero rcompensation not buy bed items ship walmart warehouse,furniture,0,0,negative,negative,negative,negative,0.0
0,raza,2025-11-07,not returnable,mattress not returnable despite walmarts website sayin returnable receive use damage mattress walmart refund get back box thats impossible,furniture,0,0,negative,negative,negative,negative,0.0
0,candice,2025-11-21,,mattress no comfort feel spring back hips etc never buy another mattress mattress topper walmart,furniture,0,0,negative,negative,negative,negative,0.0
1,timothy,2025-07-21,,buy 2 kid product work great especially price buy 2 ruin im sure ill get good years first tho,furniture,0,1,positive,negative,positive,positive,1.0
0,ann,2025-11-22,,thin little support spring push right material seven year old lay minute instantly go flat complain poke,furniture,0,1,negative,negative,positive,negative,0.0
1,charity,2025-09-13,nice,like size bigger think would nice fit little cousin roomshe say comfortable,furniture,0,1,positive,negative,positive,positive,1.0
1,everie,2025-09-30,worth great 60 buy,not cheap flimsy great buy beautiful look comfortable temporary situation need twin size bed really help lower back feel great get back track not bad 60,furniture,1,1,positive,positive,positive,positive,1.0
1,stephanie,2025-11-02,,bed ready take box children like bunkbeds good value money elsewhere 15 20 plus ship free items bed box easy box heavy thou,furniture,1,1,positive,positive,positive,positive,1.0
1,trudeau,2025-12-02,great mattress price,buy grandchildren new bunk bed grammy papas house love sleep well ready come back pop open box easily full size day,furniture,0,1,positive,negative,positive,positive,1.0
1,beth,2025-11-01,wrap,matress comfortable problem unwrap instructions wrap inside completely unwrap get unwrap instructions funny though,furniture,0,1,positive,negative,positive,positive,1.0
1,anonymous,2025-08-21,easy quick good quality,easy unroll set able put bed almost immediately doesnt smell bad may want spray make homey,furniture,1,0,positive,positive,negative,positive,1.0
1,nikki,2025-09-10,great kid,get grandkids bunkbeds great kid lighterweight adults dont weigh 140lbs far great value kid,furniture,1,1,positive,positive,positive,positive,1.0
0,artlvr64,2026-01-04,manufacturer package not good,not pack good pucture inpact easily damage mattress mine come cant get store dont order online not worth aggravation deal new mattress mess,furniture,0,0,negative,negative,negative,negative,0.0
1,carolyn,2025-09-08,,finally good firm supportive mattress first descent sleep long time amaze come shrink wrap snap right full size better expect thank,furniture,1,1,positive,positive,positive,positive,1.0
0,johnny,2026-02-20,,open box remove mattress put floor cut plastic could expand let set 48 hours still not totally expand get 6 inch expand 4 12 inch,furniture,0,0,negative,negative,negative,negative,0.0
0,brenda,2025-11-01,worst mattress ever,buy mattress grandson thin feel spring definitely would not ever buy recommend anyone either,furniture,0,0,negative,negative,negative,negative,0.0
1,jarrett,2025-09-21,love recommend friends,mattress best sleep ive age thank price affordable great one friends want mattress,furniture,1,1,positive,positive,positive,positive,1.0
1,walmart customer,2025-10-06,good support good value,mattress surprisingly supportive comfortable use bunk bed platform give no box spring like innersprings support,furniture,1,1,positive,positive,positive,positive,1.0
1,walmartcustomer,2025-06-05,,twin mattress arrive well package concern glad mattress fit perfectly go walmart buy fit sheet next day save money boot thank walmart,furniture,1,1,positive,positive,positive,positive,1.0
1,sharon,2025-11-29,,worst mattress ever sleep mattress thin never completely fill outmaterial loose mattress mattress much movement itwas worst purchase another mattress waist money,furniture,0,0,positive,negative,negative,negative,0.0
0,niloofar,2026-02-01,not firm say description,not firm medium soft return return process smooth no hassle thank walmart great customer service,furniture,0,1,negative,negative,positive,negative,0.0
1,tasha,2026-02-04,zinus xl 6 twin spring mattress,amaze price really good quality stitch around mattress do double stitch feel like heavier person purchase mattress pad well extra pad,furniture,1,1,positive,positive,positive,positive,1.0
1,brittany,2025-09-14,mattress,get daughter floor bed comfy would wait 2 maybe 3 days lay make sure completely fill like need nice mattress,furniture,1,1,positive,positive,positive,positive,1.0
0,walmart customer,2025-09-13,not buy ever,im deeply disappoint purchase mattress unusable spring literally keep poke back im back issue im not get value money spenth,furniture,0,0,negative,negative,negative,negative,0.0
0,jessica,2025-07-18,terrible no support,worst bed ive ever purchase get toddler even couldnt sleep feel every single spring set floor soon lay touch grind zero support,furniture,0,0,negative,negative,negative,negative,0.0
0,martin,2025-05-02,,worst experience ever incompetence walmart employees mind boggle walmart choose no responsibility lose merchandise even advise walk around neighborhood see could find deliver wrong address illegal crime california cant go onto someone elses property without permission take items think walmart even website okay without consent guess theyre take responsibility neighbor believe youre porch pirate protect believe right no wonder walmart many open lawsuits company dont care safety efficacy customers please post although nothing change,furniture,1,0,negative,positive,negative,negative,0.0
1,karen,2025-04-18,zinus forever,imagine delight discover walmart carry zinus mattresses unbelievably low price point dv victim turn thriver first mattress life hadnt urinate alcoholic best sleep ive ever also two dog two cat well highly recommend zinus 1010,furniture,1,1,positive,positive,positive,positive,1.0
0,bethany,2025-06-25,feel spring,feel spring mattress lay buy 4 year old doesnt care not comfortable normal size adults,furniture,0,0,negative,negative,negative,negative,0.0
1,shay,2025-06-21,great bang buck,order mattress daughter arrive timely manner advertise recover well box say comfortable well worth money,furniture,1,1,positive,positive,positive,positive,1.0
1,walmartcustomer,2025-01-04,,mattresses lightweight sturdy easy unpack handle weve sleep two nights theyre comfortable great easy sleep arrangement kid small space,furniture,1,1,positive,positive,positive,positive,1.0
1,walmartcustomer,2024-10-08,,still not receive package delay two days big mattress know things could happen along way need mattress first delivery time need important along twin mattress order together expect arrive day,furniture,0,0,positive,negative,negative,negative,0.0
0,sg84,2025-01-29,awesome product 3rd party delivery service suck,item perfect want however walmart use lasership 3rd party delivery service suck package deliver yesterday afternoon today finally find deliver wrong address isnt 1st time happen plan stop order walmart find another delivery service not waste time gas track package,furniture,0,1,negative,negative,positive,negative,0.0
0,dontbuy,2025-03-05,desperate attention zinus,sell mattresss false accidently report review apologies somehow see joke someone sit back laugh dumb folks fell joke world favor please dont waste time,furniture,0,0,negative,negative,negative,negative,0.0
0,jude,2025-02-06,,lot big talk amaze product company better sleep air mattress honestly probably better use dog bed large dog lol use camp mattress trailer back truck suv save buy better mattress honestly,furniture,0,1,negative,negative,positive,negative,0.0
0,faelicia,2025-03-10,,3 inch not six feel spring hand good enough mattress topper another 50 get actual 6 firm sinus mattress amazon 5 months ago 20 nice regret buy realize til arrive didnt buy last time mean nice one get amazon mattress fold easily sit edge spring flatten nothing dont like firm mattress,furniture,0,0,negative,negative,negative,negative,0.0
0,kelley,2025-02-09,,mattress not suppose quality ridiculously horrible barely 4 inch tall come roll box dirty feel spring side walmart not continue sell product inferior doesnt even describe quality product,furniture,0,0,negative,negative,negative,negative,0.0
0,walmart customer,2025-03-05,dont,okay maybe little child however purchase 2 daybed trundle hear spring sit feel theyre pop second wasnt worth 7000 best 40 ill definitely need replace near future,furniture,0,0,negative,negative,negative,negative,0.0
0,darlaa,2025-02-21,not great,mattress pretty uncomfortable feel spring sit bed feel bar bedframe would suggest mattress topper dont even know would help im lay stomach feel spring rib,furniture,0,0,negative,negative,negative,negative,0.0
1,mommyaj,2025-02-16,great,almost didnt buy read od reviewsbut get anywaypretty decent price get 9 year old love like picture worth money would buy kid get older,furniture,1,1,positive,positive,positive,positive,1.0
0,anonymous,2025-03-03,terrible,mattress awful lightly run hand across top feel every spring six year old say spring keep hurt im get thick mattress topper well not firm either bouncy sharp wouldnt pay 40 top mattress thats still push,furniture,0,0,negative,negative,negative,negative,0.0
1,zena,2024-12-23,much actually memory foam,comfortable mattress great price say make memory foam honestly cant feel tell within mattress much memory foam really memory form distinctive feel comfort set apart normal feel mattress,furniture,1,1,positive,positive,positive,positive,1.0
0,lindsey,2024-12-19,,uncomfortable make cheap literally feel spring without barely apply pressure imagine lay thick mattress topper help somewhat even thick mattress cover wouldnt recommend,furniture,0,0,negative,negative,negative,negative,0.0
0,madi,2025-01-29,overprice scam save back,go know mattress box would thin maybe 3 inch tall lack much support might well sleep grind blanket 15 air mattress get walmart feel like heaven compare never think id miss old dorm room mattress boy 60 absolute piece trash complete scam wouldnt even donate id feel bad anyone sleep maybe kid could use theres little support couldnt tell spring definitely feel absolutely refund worthy thing wasnt worth half pay seriously stick air mattress im will fight tooth nail refund thing no idea im suppose uncomfortable dog bed,furniture,0,0,negative,negative,negative,negative,0.0
0,sylvia,2025-07-22,,understand 6 inch uncomfortable feel like youre lay floor oh something hard,furniture,0,0,negative,negative,negative,negative,0.0
0,nancy,2025-12-14,,terrible product literally feel spring whole body ache poorly make bed,furniture,0,0,negative,negative,negative,negative,0.0
0,margaret,2025-12-15,not recommend,feel spring mattress need purchase foam topper not comfortable,furniture,0,0,negative,negative,negative,negative,0.0
1,soraya,2025-12-20,,mattress really nice little one like jump bed like firm sleep like baby comfortable,furniture,1,1,positive,positive,positive,positive,1.0
1,walmartcustomer,2025-12-22,,like say previously service awful product wonderful price great service,furniture,1,1,positive,positive,positive,positive,1.0
0,darmetta,2025-12-26,,item not look like picture mattress like sleep mattress jail absolutely trash,furniture,1,0,negative,positive,negative,negative,0.0
1,ashley,2025-08-20,bed mattress,fit great area son go last good fit perfectly twin size frame,furniture,0,1,positive,negative,positive,positive,1.0
1,walmartcustomer,2025-11-24,,need full mattress granddaughter price affordable delivery quick satisfy,furniture,1,1,positive,positive,positive,positive,1.0
1,lindsey,2025-10-15,,not bad matterss little springy opinion son doesnt seem mind tho,furniture,0,0,positive,negative,negative,negative,0.0
0,sierra,2026-01-05,,like able feel 26 hear spring every move mattress uncomfortable mattress ever lay,furniture,0,0,negative,negative,negative,negative,0.0
1,doris,2025-12-01,great bed,purchase grandson christmas parent assemble hes enjoy immensely easy assembly great preteens,furniture,1,1,positive,positive,positive,positive,1.0
0,vikram,2025-08-05,,springy top cushion layer not good feel like directly sleep spring get back pain use bed,furniture,1,0,negative,positive,negative,negative,0.0
0,kate,2025-12-27,,would not recommend mattress buy daughters room awful thin could fold half,furniture,0,0,negative,negative,negative,negative,0.0
1,gregory,2025-11-20,,bed come long box somewhat physically limit didnt problems get set alone,furniture,0,0,positive,negative,negative,negative,0.0
1,missy0712,2025-11-22,,mattress comfortable value great im glad stand alone without box spring highly recommend,furniture,0,1,positive,negative,positive,positive,1.0
1,walmartcustomer,2025-09-09,,product awesome price could lower price get lower day buy mattress dollars,furniture,0,1,positive,negative,positive,positive,1.0
0,anonymous,2025-09-16,,product thinner expect squeak get buy 9yearold say uncomfortable,furniture,0,0,negative,negative,negative,negative,0.0
0,lorena,2025-11-02,flimsy 26 uncomfortable,not best quality feel inner spring lot heavier expect theyre flimsy make difficult move around,furniture,0,0,negative,negative,negative,negative,0.0
0,olivia,2025-11-05,unsatisfied,hurt shoulder need get mattress pad make sleep worthy worst mattress ive ever experience,furniture,0,0,negative,negative,negative,negative,0.0
1,reem,2025-09-18,get,perfect price youre tight time need mattress fast great doesnt need topper,furniture,1,1,positive,positive,positive,positive,1.0
1,latrece,2025-12-13,price point mattress deliver,purchase zinus 6 basic tight top bonnell innerspring mattress twin size guest bedroom solid budgetfriendly option,furniture,1,1,positive,positive,positive,positive,1.0
1,mattie,2025-09-20,twin mattress,use foam toppers dont much decide try one far feel good,furniture,1,1,positive,positive,positive,positive,1.0
0,shirley,2025-08-01,suck,uncomfortable bed suck could get back box would return,furniture,0,0,negative,negative,negative,negative,0.0
0,mamad,2025-08-07,,suppose 8 inch matress exactly 7 inch thick also feel spring thin top fabric,furniture,1,0,negative,positive,negative,negative,0.0
0,jessica,2025-10-02,not good quality,quality mattress not say could feel hard wire mattress not comfortable,furniture,0,0,negative,negative,negative,negative,0.0
1,hadeil,2025-10-12,best buy ever,comfortable perfect size hight quality fast ship delivery highly recommend l everyone,furniture,1,1,positive,positive,positive,positive,1.0
0,rebeca,2026-01-15,crap,worst mattress ever sleep life husband back hurt hips hurt terrible around mattress,furniture,0,0,negative,negative,negative,negative,0.0
0,diana,2026-01-15,feel spring,buy 2 year old not like feel spring mattress,furniture,0,0,negative,negative,negative,negative,0.0
1,kimberly,2026-01-12,,mattress not comfortable addition buy mattress topper foam mattress sleep really good additional pad,furniture,0,1,positive,negative,positive,positive,1.0
0,tb,2026-01-13,not comfortable,spring felt mattress may good small child not adult foam topper recommend,furniture,1,0,negative,positive,negative,negative,0.0
1,patricia,2025-10-05,,fit perfect bed frame top bunk didnt take much fluff fact kid get laugh say comfy,furniture,0,1,positive,negative,positive,positive,1.0
0,ozzie,2025-09-04,not buy,horrible feel coil not comfortable kid literally change uncomfortable,furniture,1,0,negative,positive,negative,negative,0.0
1,walmartcustomer,2026-02-15,,nice bed teenage daughter love new bed price within budget bed,furniture,1,1,positive,positive,positive,positive,1.0
1,walmartcustomer,2026-03-01,,son sleep need bedframes give actual rat since bedframes never arrive cant really say,furniture,0,0,positive,negative,negative,negative,0.0
1,kathy,2026-03-04,,spare room cant give honest opinion comfort grandkids dont complain,furniture,0,1,positive,negative,positive,positive,1.0
1,quinn,2026-03-03,,great price quick delivery son love bed comfortable like easy unwrap,furniture,1,1,positive,positive,positive,positive,1.0
0,kayla,2025-11-27,,uncomfortable feel spring buy toddlers would rather sleep bed,furniture,1,0,negative,positive,negative,negative,0.0
